Product Name,Price
My First Library: Boxset of 10 Board Books for…,₹ 399.00
My First Book of Patterns Pencil Control:…,₹ 89.00
The Psychology of Money,₹ 355.00
Ikigai: The Japanese secret to a long and…,₹ 387.00
Grandma's Bag of Stories: Collection of 20+…,₹ 204.00
World’s Greatest Books For Personal Growth…,₹ 299.00
Indian Polity - For Civil Services and Other…,₹ 620.00
Writing Practice Boxset: Pack of 4 Books…,₹ 159.00
101 Brain Booster Activity Book: Fun Activity…,₹ 189.00
Picture Books Collection for Early Learning…,₹ 235.00
Quantitative Aptitude for Competitive…,₹ 465.00
Rich Dad Poor Dad: What the Rich Teach…,₹ 444.00
Oxford Student Atlas for India - Third Edition,₹ 225.00
The Alchemist,₹ 275.00
One Arranged Murder,₹ 150.00
Very First Sight Words Sentences Level - 1,₹ 180.00
"The Magic of the Lost Temple: Illustrated,…",₹ 145.00
101 Panchatantra Stories for Children:…,₹ 135.00
26 Years UPSC IAS/ IPS Prelims Topic-wise…,₹ 323.00
The Power of Your Subconscious Mind,₹ 141.00
Think Like a Monk: The secret of how to…,₹ 300.00
Atomic Habits: The life-changing million copy…,₹ 646.00
Concept of Physics Part-1 (2019-2020…,₹ 347.00
Moral Story Books for Kids (Pack of 10 Books)…,₹ 225.00
Life's Amazing Secrets: How to Find Balance…,₹ 198.00
Word Power Made Easy,₹ 91.00
Sapiens: A Brief History of Humankind,₹ 388.00
Refreshing Mandala - Colouring Book for…,₹ 175.00
The Complete Novels of Sherlock Holmes,₹ 136.00
Great Stories for Children,₹ 180.00
Harry Potter and the Philosopher's Stone,₹ 285.00
Death; An Inside Story: A book for all those…,₹ 202.00
Grandparents' Bag of Stories,₹ 182.00
Lines and Curves (Pattern Writing) - Part 1,₹ 81.00
Word Power Made Easy,₹ 95.00
The Blue Umbrella,₹ 95.00
"NCERT BOOK , Hornbill Textbook in English…",₹ 95.00
Bhagavad Gita: Yatharoop (Hindi),₹ 194.00
Colour with Crayons Part - 1,₹ 56.00
General Knowledge,₹ 169.00
Wuthering Heights,₹ 99.00
The Richest Man in Babylon,₹ 99.00
1001 Activities Book,₹ 282.00
The Diary of a Young Girl,₹ 99.00
The Monk Who Sold His Ferrari,₹ 191.00
Objective NCERT at your FINGERTIPS for…,₹ 585.00
"NCERT textbooks physics, chemistry and…",₹ 729.00
Brain Games for Clever Kids: Puzzles to…,₹ 199.00
Colouring Books Boxset: Pack of 12 Copy…,₹ 299.00
